{
  "league": "ligue1",
  "league_name": "Ligue 1",
  "feature_columns": [
    "home_ppg_l5",
    "away_ppg_l5",
    "home_ppg_l10",
    "away_ppg_l10",
    "home_gf_l5",
    "home_ga_l5",
    "away_gf_l5",
    "away_ga_l5",
    "home_rest_days",
    "away_rest_days",
    "ppg_diff_l5",
    "gf_diff_l5"
  ],
  "labels": [
    "H",
    "D",
    "A"
  ],
  "train_seasons": [
    "1920",
    "2021",
    "2122",
    "2223",
    "2324",
    "2425"
  ],
  "test_seasons": [
    "2526"
  ],
  "last_match_date": "2026-05-17",
  "metrics": {
    "dummy_log_loss": 1.0649,
    "form_log_loss": 1.1023,
    "model_log_loss": 1.0862,
    "model_accuracy": 0.3932
  },
  "confusion_matrix": [
    [
      68,
      24,
      44
    ],
    [
      33,
      5,
      34
    ],
    [
      23,
      21,
      43
    ]
  ],
  "classification_report": {
    "H": {
      "precision": 0.5483870967741935,
      "recall": 0.5,
      "f1-score": 0.5230769230769231,
      "support": 136.0
    },
    "D": {
      "precision": 0.1,
      "recall": 0.06944444444444445,
      "f1-score": 0.08196721311475409,
      "support": 72.0
    },
    "A": {
      "precision": 0.35537190082644626,
      "recall": 0.4942528735632184,
      "f1-score": 0.41346153846153844,
      "support": 87.0
    },
    "accuracy": 0.39322033898305087,
    "macro avg": {
      "precision": 0.3345863325335466,
      "recall": 0.3545657726692209,
      "f1-score": 0.3395018915510719,
      "support": 295.0
    },
    "weighted avg": {
      "precision": 0.3820271204514954,
      "recall": 0.39322033898305087,
      "f1-score": 0.3830889990809413,
      "support": 295.0
    }
  }
}