{
  "league": "seriea",
  "league_name": "Serie A",
  "feature_columns": [
    "home_ppg_l5",
    "away_ppg_l5",
    "home_ppg_l10",
    "away_ppg_l10",
    "home_gf_l5",
    "home_ga_l5",
    "away_gf_l5",
    "away_ga_l5",
    "home_gf_l10",
    "home_ga_l10",
    "away_gf_l10",
    "away_ga_l10",
    "home_gd_l5",
    "away_gd_l5",
    "home_gd_l10",
    "away_gd_l10",
    "home_rest_days",
    "away_rest_days",
    "ppg_diff_l5",
    "ppg_diff_l10",
    "gf_diff_l5",
    "gd_diff_l5",
    "ga_diff_l5"
  ],
  "labels": [
    "H",
    "D",
    "A"
  ],
  "train_seasons": [
    "1920",
    "2021",
    "2122",
    "2223",
    "2324",
    "2425"
  ],
  "test_seasons": [
    "2526"
  ],
  "last_match_date": "2026-05-24",
  "metrics": {
    "dummy_log_loss": 1.0835,
    "form_log_loss": 1.0696,
    "model_log_loss": 1.0309,
    "model_accuracy": 0.4973
  },
  "confusion_matrix": [
    [
      105,
      4,
      37
    ],
    [
      53,
      7,
      33
    ],
    [
      51,
      8,
      72
    ]
  ],
  "classification_report": {
    "H": {
      "precision": 0.5023923444976076,
      "recall": 0.7191780821917808,
      "f1-score": 0.5915492957746479,
      "support": 146.0
    },
    "D": {
      "precision": 0.3684210526315789,
      "recall": 0.07526881720430108,
      "f1-score": 0.125,
      "support": 93.0
    },
    "A": {
      "precision": 0.5070422535211268,
      "recall": 0.549618320610687,
      "f1-score": 0.5274725274725275,
      "support": 131.0
    },
    "accuracy": 0.4972972972972973,
    "macro avg": {
      "precision": 0.45928521688343776,
      "recall": 0.4480217400022563,
      "f1-score": 0.4146739410823918,
      "support": 370.0
    },
    "weighted avg": {
      "precision": 0.4703647983855545,
      "recall": 0.4972972972972973,
      "f1-score": 0.4515948602216208,
      "support": 370.0
    }
  }
}