{
  "league": "pl",
  "league_name": "Premier League",
  "feature_columns": [
    "home_ppg_l5",
    "away_ppg_l5",
    "home_ppg_l10",
    "away_ppg_l10",
    "home_gf_l5",
    "home_ga_l5",
    "away_gf_l5",
    "away_ga_l5",
    "home_gf_l10",
    "home_ga_l10",
    "away_gf_l10",
    "away_ga_l10",
    "home_gd_l5",
    "away_gd_l5",
    "home_gd_l10",
    "away_gd_l10",
    "home_rest_days",
    "away_rest_days",
    "ppg_diff_l5",
    "ppg_diff_l10",
    "gf_diff_l5",
    "gd_diff_l5",
    "ga_diff_l5"
  ],
  "labels": [
    "H",
    "D",
    "A"
  ],
  "train_seasons": [
    "1920",
    "2021",
    "2122",
    "2223",
    "2324",
    "2425"
  ],
  "test_seasons": [
    "2526"
  ],
  "last_match_date": "2026-05-19",
  "metrics": {
    "dummy_log_loss": 1.0858,
    "form_log_loss": 1.1041,
    "model_log_loss": 1.041,
    "model_accuracy": 0.4694
  },
  "confusion_matrix": [
    [
      115,
      0,
      38
    ],
    [
      62,
      0,
      36
    ],
    [
      55,
      0,
      54
    ]
  ],
  "classification_report": {
    "H": {
      "precision": 0.4956896551724138,
      "recall": 0.7516339869281046,
      "f1-score": 0.5974025974025974,
      "support": 153.0
    },
    "D": {
      "precision": 0.0,
      "recall": 0.0,
      "f1-score": 0.0,
      "support": 98.0
    },
    "A": {
      "precision": 0.421875,
      "recall": 0.4954128440366973,
      "f1-score": 0.45569620253164556,
      "support": 109.0
    },
    "accuracy": 0.46944444444444444,
    "macro avg": {
      "precision": 0.30585488505747127,
      "recall": 0.4156822769882673,
      "f1-score": 0.35103293331141433,
      "support": 360.0
    },
    "weighted avg": {
      "precision": 0.33840247844827587,
      "recall": 0.46944444444444444,
      "f1-score": 0.39187078744040765,
      "support": 360.0
    }
  }
}