{
  "league": "pl",
  "league_name": "Premier League",
  "feature_columns": [
    "home_ppg_l5",
    "away_ppg_l5",
    "home_ppg_l10",
    "away_ppg_l10",
    "home_gf_l5",
    "home_ga_l5",
    "away_gf_l5",
    "away_ga_l5",
    "home_gf_l10",
    "home_ga_l10",
    "away_gf_l10",
    "away_ga_l10",
    "home_gd_l5",
    "away_gd_l5",
    "home_gd_l10",
    "away_gd_l10",
    "home_rest_days",
    "away_rest_days",
    "ppg_diff_l5",
    "ppg_diff_l10",
    "gf_diff_l5",
    "gd_diff_l5",
    "ga_diff_l5"
  ],
  "labels": [
    "H",
    "D",
    "A"
  ],
  "train_seasons": [
    "1920",
    "2021",
    "2122",
    "2223",
    "2324",
    "2425"
  ],
  "test_seasons": [
    "2526"
  ],
  "last_match_date": "2026-05-24",
  "metrics": {
    "dummy_log_loss": 1.0863,
    "form_log_loss": 1.1018,
    "model_log_loss": 1.0449,
    "model_accuracy": 0.4622
  },
  "confusion_matrix": [
    [
      116,
      0,
      41
    ],
    [
      64,
      0,
      37
    ],
    [
      57,
      0,
      55
    ]
  ],
  "classification_report": {
    "H": {
      "precision": 0.48945147679324896,
      "recall": 0.7388535031847133,
      "f1-score": 0.5888324873096447,
      "support": 157.0
    },
    "D": {
      "precision": 0.0,
      "recall": 0.0,
      "f1-score": 0.0,
      "support": 101.0
    },
    "A": {
      "precision": 0.41353383458646614,
      "recall": 0.49107142857142855,
      "f1-score": 0.4489795918367347,
      "support": 112.0
    },
    "accuracy": 0.46216216216216216,
    "macro avg": {
      "precision": 0.30099510379323835,
      "recall": 0.4099749772520473,
      "f1-score": 0.3459373597154598,
      "support": 370.0
    },
    "weighted avg": {
      "precision": 0.3328639765681738,
      "recall": 0.46216216216216216,
      "f1-score": 0.3857632832252122,
      "support": 370.0
    }
  }
}