{
  "feature_columns": [
    "home_ppg_l5",
    "away_ppg_l5",
    "home_ppg_l10",
    "away_ppg_l10",
    "home_gf_l5",
    "home_ga_l5",
    "away_gf_l5",
    "away_ga_l5",
    "home_rest_days",
    "away_rest_days",
    "ppg_diff_l5",
    "gf_diff_l5"
  ],
  "labels": [
    "H",
    "D",
    "A"
  ],
  "train_seasons": [
    "1920",
    "2021",
    "2122",
    "2223",
    "2324"
  ],
  "test_seasons": [
    "2425"
  ],
  "last_match_date": "2025-05-25",
  "metrics": {
    "dummy_log_loss": 1.0768,
    "form_log_loss": 1.066,
    "model_log_loss": 1.0426,
    "model_accuracy": 0.4703
  },
  "confusion_matrix": [
    [
      87,
      28,
      37
    ],
    [
      39,
      16,
      33
    ],
    [
      33,
      26,
      71
    ]
  ],
  "classification_report": {
    "H": {
      "precision": 0.5471698113207547,
      "recall": 0.5723684210526315,
      "f1-score": 0.5594855305466238,
      "support": 152.0
    },
    "D": {
      "precision": 0.22857142857142856,
      "recall": 0.18181818181818182,
      "f1-score": 0.20253164556962025,
      "support": 88.0
    },
    "A": {
      "precision": 0.5035460992907801,
      "recall": 0.5461538461538461,
      "f1-score": 0.5239852398523985,
      "support": 130.0
    },
    "accuracy": 0.4702702702702703,
    "macro avg": {
      "precision": 0.4264291130609878,
      "recall": 0.4334468163415532,
      "f1-score": 0.4286674719895475,
      "support": 370.0
    },
    "weighted avg": {
      "precision": 0.4560678106563293,
      "recall": 0.4702702702702703,
      "f1-score": 0.46211531522709515,
      "support": 370.0
    }
  }
}