{
  "feature_columns": [
    "home_ppg_l5",
    "away_ppg_l5",
    "home_ppg_l10",
    "away_ppg_l10",
    "home_gf_l5",
    "home_ga_l5",
    "away_gf_l5",
    "away_ga_l5",
    "home_rest_days",
    "away_rest_days",
    "ppg_diff_l5",
    "gf_diff_l5"
  ],
  "labels": [
    "H",
    "D",
    "A"
  ],
  "train_seasons": [
    "1920",
    "2021",
    "2122",
    "2223"
  ],
  "test_seasons": [
    "2324"
  ],
  "last_match_date": "2024-05-19",
  "metrics": {
    "dummy_log_loss": 1.0537,
    "form_log_loss": 1.0411,
    "model_log_loss": 1.0258,
    "model_accuracy": 0.5027
  },
  "confusion_matrix": [
    [
      104,
      27,
      40
    ],
    [
      32,
      17,
      31
    ],
    [
      28,
      26,
      65
    ]
  ],
  "classification_report": {
    "H": {
      "precision": 0.6341463414634146,
      "recall": 0.6081871345029239,
      "f1-score": 0.6208955223880597,
      "support": 171.0
    },
    "D": {
      "precision": 0.24285714285714285,
      "recall": 0.2125,
      "f1-score": 0.22666666666666666,
      "support": 80.0
    },
    "A": {
      "precision": 0.47794117647058826,
      "recall": 0.5462184873949579,
      "f1-score": 0.5098039215686274,
      "support": 119.0
    },
    "accuracy": 0.5027027027027027,
    "macro avg": {
      "precision": 0.45164822026371526,
      "recall": 0.45563520729929397,
      "f1-score": 0.45245537020778465,
      "support": 370.0
    },
    "weighted avg": {
      "precision": 0.4993043130238253,
      "recall": 0.5027027027027027,
      "f1-score": 0.4999273900766437,
      "support": 370.0
    }
  }
}