{
  "feature_columns": [
    "home_ppg_l5",
    "away_ppg_l5",
    "home_ppg_l10",
    "away_ppg_l10",
    "home_gf_l5",
    "home_ga_l5",
    "away_gf_l5",
    "away_ga_l5",
    "home_rest_days",
    "away_rest_days",
    "ppg_diff_l5",
    "gf_diff_l5"
  ],
  "labels": [
    "H",
    "D",
    "A"
  ],
  "train_seasons": [
    "1920",
    "2021",
    "2122",
    "2223",
    "2324",
    "2425"
  ],
  "test_seasons": [
    "2526"
  ],
  "last_match_date": "2026-05-19",
  "metrics": {
    "dummy_log_loss": 1.0858,
    "form_log_loss": 1.1041,
    "model_log_loss": 1.0534,
    "model_accuracy": 0.4556
  },
  "confusion_matrix": [
    [
      83,
      28,
      42
    ],
    [
      43,
      19,
      36
    ],
    [
      29,
      18,
      62
    ]
  ],
  "classification_report": {
    "H": {
      "precision": 0.535483870967742,
      "recall": 0.5424836601307189,
      "f1-score": 0.538961038961039,
      "support": 153.0
    },
    "D": {
      "precision": 0.2923076923076923,
      "recall": 0.19387755102040816,
      "f1-score": 0.2331288343558282,
      "support": 98.0
    },
    "A": {
      "precision": 0.44285714285714284,
      "recall": 0.5688073394495413,
      "f1-score": 0.4979919678714859,
      "support": 109.0
    },
    "accuracy": 0.45555555555555555,
    "macro avg": {
      "precision": 0.423549568710859,
      "recall": 0.4350561835335561,
      "f1-score": 0.423360613729451,
      "support": 360.0
    },
    "weighted avg": {
      "precision": 0.4412405963212415,
      "recall": 0.45555555555555555,
      "f1-score": 0.44330219229417245,
      "support": 360.0
    }
  }
}