{
  "league": "laliga",
  "league_name": "La Liga",
  "feature_columns": [
    "home_ppg_l5",
    "away_ppg_l5",
    "home_ppg_l10",
    "away_ppg_l10",
    "home_gf_l5",
    "home_ga_l5",
    "away_gf_l5",
    "away_ga_l5",
    "home_gf_l10",
    "home_ga_l10",
    "away_gf_l10",
    "away_ga_l10",
    "home_gd_l5",
    "away_gd_l5",
    "home_gd_l10",
    "away_gd_l10",
    "home_rest_days",
    "away_rest_days",
    "ppg_diff_l5",
    "ppg_diff_l10",
    "gf_diff_l5",
    "gd_diff_l5",
    "ga_diff_l5"
  ],
  "labels": [
    "H",
    "D",
    "A"
  ],
  "train_seasons": [
    "1920",
    "2021",
    "2122",
    "2223",
    "2324",
    "2425"
  ],
  "test_seasons": [
    "2526"
  ],
  "last_match_date": "2026-05-17",
  "metrics": {
    "dummy_log_loss": 1.0527,
    "form_log_loss": 1.1111,
    "model_log_loss": 0.9982,
    "model_accuracy": 0.4944
  },
  "confusion_matrix": [
    [
      136,
      9,
      30
    ],
    [
      53,
      5,
      32
    ],
    [
      54,
      4,
      37
    ]
  ],
  "classification_report": {
    "H": {
      "precision": 0.5596707818930041,
      "recall": 0.7771428571428571,
      "f1-score": 0.6507177033492823,
      "support": 175.0
    },
    "D": {
      "precision": 0.2777777777777778,
      "recall": 0.05555555555555555,
      "f1-score": 0.09259259259259259,
      "support": 90.0
    },
    "A": {
      "precision": 0.37373737373737376,
      "recall": 0.3894736842105263,
      "f1-score": 0.38144329896907214,
      "support": 95.0
    },
    "accuracy": 0.49444444444444446,
    "macro avg": {
      "precision": 0.4037286444693852,
      "recall": 0.40739069896964636,
      "f1-score": 0.3749178649703156,
      "support": 360.0
    },
    "weighted avg": {
      "precision": 0.44013177037868395,
      "recall": 0.49444444444444446,
      "f1-score": 0.4401279022819989,
      "support": 360.0
    }
  }
}