{
  "league": "laliga",
  "league_name": "La Liga",
  "feature_columns": [
    "home_ppg_l5",
    "away_ppg_l5",
    "home_ppg_l10",
    "away_ppg_l10",
    "home_gf_l5",
    "home_ga_l5",
    "away_gf_l5",
    "away_ga_l5",
    "home_gf_l10",
    "home_ga_l10",
    "away_gf_l10",
    "away_ga_l10",
    "home_gd_l5",
    "away_gd_l5",
    "home_gd_l10",
    "away_gd_l10",
    "home_rest_days",
    "away_rest_days",
    "ppg_diff_l5",
    "ppg_diff_l10",
    "gf_diff_l5",
    "gd_diff_l5",
    "ga_diff_l5"
  ],
  "labels": [
    "H",
    "D",
    "A"
  ],
  "train_seasons": [
    "1920",
    "2021",
    "2122",
    "2223",
    "2324",
    "2425"
  ],
  "test_seasons": [
    "2526"
  ],
  "last_match_date": "2026-05-24",
  "metrics": {
    "dummy_log_loss": 1.0501,
    "form_log_loss": 1.1135,
    "model_log_loss": 0.9974,
    "model_accuracy": 0.4946
  },
  "confusion_matrix": [
    [
      141,
      9,
      32
    ],
    [
      55,
      5,
      32
    ],
    [
      55,
      4,
      37
    ]
  ],
  "classification_report": {
    "H": {
      "precision": 0.5617529880478087,
      "recall": 0.7747252747252747,
      "f1-score": 0.651270207852194,
      "support": 182.0
    },
    "D": {
      "precision": 0.2777777777777778,
      "recall": 0.05434782608695652,
      "f1-score": 0.09090909090909091,
      "support": 92.0
    },
    "A": {
      "precision": 0.36633663366336633,
      "recall": 0.3854166666666667,
      "f1-score": 0.3756345177664975,
      "support": 96.0
    },
    "accuracy": 0.4945945945945946,
    "macro avg": {
      "precision": 0.40195579982965096,
      "recall": 0.40482992249296595,
      "f1-score": 0.37260460550926083,
      "support": 370.0
    },
    "weighted avg": {
      "precision": 0.44044031408632406,
      "recall": 0.4945945945945946,
      "f1-score": 0.44042088621167413,
      "support": 370.0
    }
  }
}